episode_hash,lab,n_frames,hand_visible_frac,mean_hands_per_frame,frames_with_two_hands
2025-09-20-17-42-51-000000,rl2,8,0.625,0.75,1
2025-09-20-17-47-54-000000,rl2,8,0.75,1.125,3
2025-09-20-18-05-52-000000,rl2,8,0.875,1.5,5
2025-09-20-18-11-35-000000,rl2,8,1.0,2.0,8
2025-09-20-18-39-18-000000,rl2,8,1.0,1.625,5
2025-09-20-18-44-29-000000,rl2,8,0.875,1.625,6
2025-09-20-18-59-55-000000,rl2,8,0.75,1.25,4
2025-09-20-19-04-22-000000,rl2,8,0.625,0.875,2
2025-09-20-19-53-07-000000,rl2,8,0.875,1.5,5
2025-09-20-19-57-29-000000,rl2,8,0.5,0.5,0
2025-09-20-20-23-06-000000,rl2,8,1.0,1.875,7
2025-09-20-20-27-23-000000,rl2,8,1.0,1.875,7
2025-09-20-20-55-13-000000,rl2,8,0.875,1.5,5
2025-09-20-20-59-45-000000,rl2,8,0.75,1.0,2
2025-09-20-21-23-13-000000,rl2,8,0.75,1.375,5
2025-09-20-21-27-15-000000,rl2,8,0.625,0.875,2
2025-09-21-20-44-10-000000,rl2,8,0.0,0.0,0
2025-09-21-20-50-33-000000,rl2,8,0.625,1.25,5
2025-09-21-20-56-12-000000,rl2,8,0.625,1.0,3
2025-09-21-21-01-12-000000,rl2,8,0.5,0.75,2
2025-09-21-21-35-21-000000,rl2,8,0.75,1.0,2
2025-09-21-21-40-03-000000,rl2,8,0.5,0.5,0
2025-09-21-22-17-10-000000,rl2,8,0.125,0.125,0
2025-09-21-22-21-41-000000,rl2,8,0.0,0.0,0
2025-09-22-01-56-37-000000,rl2,8,0.625,0.875,2
2025-09-22-02-02-19-000000,rl2,8,0.875,1.25,3
2025-09-22-02-19-38-000000,rl2,8,0.75,1.25,4
2025-09-22-02-24-19-000000,rl2,8,1.0,1.625,5
2025-09-22-02-31-37-000000,rl2,8,0.875,1.25,3
2025-09-22-02-36-16-000000,rl2,8,0.875,1.375,4
2025-09-22-03-09-27-000000,rl2,8,0.75,0.75,0
2025-09-22-03-13-58-000000,rl2,8,1.0,1.125,1
2025-09-22-19-42-55-000000,rl2,8,0.875,1.25,3
2025-09-22-19-49-07-000000,rl2,8,0.75,1.375,5
2025-09-22-20-11-49-000000,rl2,8,0.0,0.0,0
2025-09-22-20-17-09-000000,rl2,8,0.5,0.5,0
2025-09-22-20-23-21-000000,rl2,8,1.0,1.625,5
2025-09-22-20-27-48-000000,rl2,8,0.875,1.5,5
2025-09-22-20-35-24-000000,rl2,8,1.0,1.625,5
2025-09-22-20-41-18-000000,rl2,8,0.875,1.25,3
2025-09-22-20-47-49-000000,rl2,8,0.875,1.375,4
2025-09-22-21-00-06-000000,rl2,8,0.75,1.0,2
2025-09-22-21-04-21-000000,rl2,8,0.25,0.25,0
2025-09-23-19-20-34-000000,rl2,8,0.125,0.125,0
2025-09-23-19-25-08-000000,rl2,8,0.125,0.125,0
2025-09-23-19-32-44-000000,rl2,8,0.625,1.125,4
2025-09-23-19-37-29-000000,rl2,8,0.875,1.375,4
2025-09-23-20-14-31-000000,rl2,8,1.0,1.75,6
2025-09-23-20-19-39-000000,rl2,8,0.75,1.25,4
2025-09-23-20-30-13-000000,rl2,8,0.625,1.125,4
2025-09-23-20-34-49-000000,rl2,8,0.75,1.0,2
2025-09-23-21-10-33-000000,rl2,8,0.25,0.375,1
2025-09-23-21-14-51-000000,rl2,8,0.25,0.25,0
2025-09-23-21-34-16-000000,rl2,8,0.0,0.0,0
2025-09-23-21-38-55-000000,rl2,8,0.375,0.375,0
2025-09-23-21-58-00-000000,rl2,8,0.0,0.0,0
2025-09-23-22-15-03-000000,rl2,8,0.0,0.0,0
2025-09-23-22-43-03-000000,rl2,8,0.0,0.0,0
2025-09-23-22-47-12-000000,rl2,8,0.625,0.75,1
2025-09-24-03-12-23-000000,rl2,8,0.5,0.625,1
2025-09-24-03-15-53-000000,rl2,8,0.625,0.875,2
2025-09-24-03-19-17-000000,rl2,8,0.5,0.625,1
2025-09-24-03-30-47-000000,rl2,8,0.75,0.875,1
2025-09-24-03-34-16-000000,rl2,8,0.625,1.125,4
2025-09-24-03-55-38-000000,rl2,8,0.75,1.0,2
2025-09-24-03-59-06-000000,rl2,8,0.625,1.0,3
2025-09-24-04-02-36-000000,rl2,8,0.875,1.25,3
2025-09-24-04-07-27-000000,rl2,8,0.75,0.875,1
2025-09-24-04-10-46-000000,rl2,8,0.25,0.25,0
2025-09-24-04-14-10-000000,rl2,8,0.375,0.625,2
2025-09-24-04-35-30-000000,rl2,8,0.5,0.625,1
2025-09-24-04-38-51-000000,rl2,8,1.0,1.75,6
2025-09-24-04-43-51-000000,rl2,8,0.25,0.25,0
2025-09-24-04-47-05-000000,rl2,8,0.75,1.125,3
2025-09-24-04-50-31-000000,rl2,8,0.75,1.125,3
2025-09-24-05-09-51-000000,rl2,8,1.0,2.0,8
2025-09-24-05-17-51-000000,rl2,8,0.875,1.625,6
2025-09-24-05-21-13-000000,rl2,8,0.875,1.5,5
2025-09-24-05-25-40-000000,rl2,8,0.375,0.5,1
2025-09-24-05-29-17-000000,rl2,8,0.375,0.375,0
2025-09-24-05-32-41-000000,rl2,8,0.25,0.25,0
2025-09-24-13-46-02-000000,rl2,8,0.25,0.375,1
2025-09-24-13-50-23-000000,rl2,8,0.625,0.625,0
2025-09-24-14-06-40-000000,rl2,8,0.125,0.125,0
2025-09-24-14-11-01-000000,rl2,8,0.25,0.375,1
2025-09-24-14-37-48-000000,rl2,8,0.5,0.5,0
2025-09-24-14-42-14-000000,rl2,8,0.5,0.625,1
2025-09-24-14-57-32-000000,rl2,8,0.0,0.0,0
2025-09-24-15-01-42-000000,rl2,8,0.5,0.625,1
2025-09-24-15-16-29-000000,rl2,8,0.5,0.75,2
2025-09-24-15-20-42-000000,rl2,8,0.375,0.375,0
2025-09-24-15-39-38-000000,rl2,8,0.125,0.125,0
2025-09-24-15-44-35-000000,rl2,8,0.125,0.125,0
2025-09-24-16-04-23-000000,rl2,8,0.375,0.375,0
2025-09-24-16-08-35-000000,rl2,8,0.5,0.625,1
2025-09-24-16-24-49-000000,rl2,8,0.25,0.25,0
2025-09-24-16-28-59-000000,rl2,8,0.125,0.125,0
2025-09-25-18-10-53-000000,rl2,8,0.375,0.375,0
2025-09-25-18-17-20-000000,rl2,8,0.5,0.5,0
2025-09-25-18-37-35-000000,rl2,8,0.375,0.625,2
2025-09-25-18-42-13-000000,rl2,8,0.5,0.5,0
2025-09-25-19-01-00-000000,rl2,8,0.25,0.25,0
2025-09-25-19-11-49-000000,rl2,8,0.625,1.125,4
2025-09-25-19-27-43-000000,rl2,8,0.125,0.125,0
2025-09-25-20-03-37-000000,rl2,8,0.125,0.125,0
2025-09-25-20-08-06-000000,rl2,8,0.5,0.75,2
2025-09-25-21-01-27-000000,rl2,8,0.75,0.75,0
2025-09-25-21-05-37-000000,rl2,8,0.25,0.25,0
2025-09-25-21-53-41-000000,rl2,8,0.875,1.125,2
2025-09-25-21-57-46-000000,rl2,8,0.125,0.125,0
2025-09-25-22-39-54-000000,rl2,8,0.0,0.0,0
2025-09-25-22-44-19-000000,rl2,8,0.125,0.125,0
2025-09-26-17-40-42-000000,rl2,8,0.5,0.5,0
2025-09-26-17-45-46-000000,rl2,8,0.875,1.75,7
2025-09-26-17-51-49-000000,rl2,8,1.0,1.75,6
2025-09-26-17-56-04-000000,rl2,8,1.0,1.5,4
2025-09-26-18-23-35-000000,rl2,8,0.75,1.0,2
2025-09-26-18-27-57-000000,rl2,8,0.75,1.0,2
2025-09-26-18-36-44-000000,rl2,8,0.75,0.875,1
2025-09-26-18-41-35-000000,rl2,8,0.375,0.75,3
2025-09-26-18-43-07-000000,rl2,8,0.75,1.25,4
2025-09-26-18-47-40-000000,rl2,8,0.75,1.375,5
2025-09-26-18-58-59-000000,rl2,8,0.375,0.375,0
2025-09-26-19-04-09-000000,rl2,8,0.5,0.625,1
2025-09-26-19-06-11-000000,rl2,8,0.75,0.75,0
2025-09-26-19-08-33-000000,rl2,8,0.625,1.0,3
2025-09-26-19-28-55-000000,rl2,8,0.0,0.0,0
2025-09-26-19-33-12-000000,rl2,8,0.5,0.625,1
2025-09-26-19-33-15-000000,rl2,8,0.625,0.875,2
2025-09-26-19-37-28-000000,rl2,8,0.75,1.0,2
2025-09-26-19-47-50-000000,rl2,8,0.0,0.0,0
2025-09-26-19-52-12-000000,rl2,8,0.375,0.5,1
2025-09-26-19-53-43-000000,rl2,8,0.875,1.5,5
2025-09-26-19-56-45-000000,rl2,8,0.75,0.875,1
2025-09-26-19-58-43-000000,rl2,8,1.0,2.0,8
2025-09-26-20-12-50-000000,rl2,8,0.5,0.5,0
2025-09-26-20-13-41-000000,rl2,8,0.25,0.375,1
2025-09-26-20-17-33-000000,rl2,8,0.625,1.0,3
2025-09-26-20-18-17-000000,rl2,8,0.875,1.5,5
2025-09-26-20-32-15-000000,rl2,8,0.375,0.5,1
2025-09-26-20-36-20-000000,rl2,8,0.625,1.0,3
2025-09-26-20-50-48-000000,rl2,8,0.375,0.375,0
2025-09-26-20-54-50-000000,rl2,8,0.0,0.0,0
2025-09-27-20-24-52-000000,rl2,8,0.125,0.125,0
2025-09-27-20-29-18-000000,rl2,8,0.0,0.0,0
2025-09-27-20-44-44-000000,rl2,8,0.125,0.125,0
2025-09-27-20-49-54-000000,rl2,8,0.0,0.0,0
2025-09-27-21-06-03-000000,rl2,8,0.125,0.125,0
2025-09-27-21-10-46-000000,rl2,8,0.125,0.125,0
2025-09-27-21-42-08-000000,rl2,8,0.0,0.0,0
2025-09-27-21-46-02-000000,rl2,8,0.25,0.25,0
2025-09-27-22-01-47-000000,rl2,8,0.0,0.0,0
2025-09-27-22-06-08-000000,rl2,8,0.0,0.0,0
2025-09-27-22-20-20-000000,rl2,8,0.0,0.0,0
2025-09-27-22-24-24-000000,rl2,8,0.375,0.375,0
2025-10-03-17-01-49-000000,rl2,8,0.5,0.75,2
2025-10-03-17-06-00-000000,rl2,8,0.25,0.25,0
2025-10-03-17-06-02-000000,rl2,8,0.125,0.125,0
2025-10-03-17-09-59-000000,rl2,8,0.0,0.0,0
2025-10-03-17-25-15-000000,rl2,8,0.0,0.0,0
2025-10-03-17-29-31-000000,rl2,8,0.125,0.125,0
2025-10-12-01-38-11-933000,rl2,8,0.25,0.375,1
2025-10-12-01-38-27-674000,rl2,8,0.25,0.375,1
2025-10-12-01-39-14-013000,rl2,8,0.625,0.75,1
2025-10-12-01-39-29-633000,rl2,8,0.75,0.875,1
2025-10-12-01-39-44-736000,rl2,8,0.25,0.25,0
2025-10-12-01-48-33-473000,rl2,8,0.375,0.375,0
2025-10-12-01-48-48-267000,rl2,8,0.375,0.75,3
2025-10-12-01-49-22-409000,rl2,8,0.375,0.5,1
2025-10-12-01-50-21-394000,rl2,8,0.25,0.375,1
2025-10-12-01-51-04-211000,rl2,8,0.875,1.5,5
2025-10-12-01-51-26-218000,rl2,8,0.875,1.5,5
2025-10-12-01-51-49-249000,rl2,8,1.0,1.875,7
2025-10-12-04-18-32-000000,rl2,8,0.75,1.125,3
2025-10-12-04-25-04-000000,rl2,8,0.625,0.75,1
2025-10-12-04-31-48-000000,rl2,8,0.375,0.5,1
2025-10-12-04-36-08-000000,rl2,8,0.875,1.375,4
2025-10-12-16-21-45-000000,rl2,8,0.875,1.5,5
2025-10-12-16-27-30-000000,rl2,8,1.0,1.875,7
2025-10-12-16-35-00-000000,rl2,8,0.875,1.0,1
2025-10-12-16-41-01-000000,rl2,8,0.875,1.5,5
2025-10-12-16-50-06-000000,rl2,8,0.75,0.875,1
2025-10-12-16-57-37-000000,rl2,8,1.0,1.75,6
2025-10-12-17-08-49-000000,rl2,8,1.0,1.5,4
2025-10-12-19-17-44-000000,rl2,8,0.875,1.5,5
2025-10-12-19-30-48-000000,rl2,8,0.875,1.625,6
2025-10-12-19-55-02-000000,rl2,8,0.875,1.75,7
2025-10-12-20-04-24-000000,rl2,8,0.75,1.5,6
2025-10-12-20-15-26-000000,rl2,8,1.0,2.0,8
2025-10-12-20-39-19-000000,rl2,8,0.875,1.75,7
2025-10-12-20-52-11-000000,rl2,8,0.75,0.875,1
2025-10-12-21-23-35-000000,rl2,8,0.875,1.125,2
2025-10-12-21-34-53-000000,rl2,8,0.25,0.25,0
2025-10-12-21-50-03-000000,rl2,8,0.0,0.0,0
2025-10-12-23-35-41-000000,rl2,8,0.375,0.75,3
2025-10-12-23-59-23-433000,rl2,8,0.75,1.125,3
2025-10-12-23-59-38-361000,rl2,8,0.75,0.875,1
2025-10-12-23-59-52-539000,rl2,8,0.5,0.5,0
2025-10-13-00-00-06-022000,rl2,8,0.875,1.375,4
2025-10-13-00-00-19-171000,rl2,8,0.875,1.375,4
2025-10-13-00-00-33-262000,rl2,8,0.875,1.75,7
2025-10-13-00-00-46-425000,rl2,8,0.75,1.0,2
2025-10-13-00-01-00-898000,rl2,8,0.875,1.5,5
2025-10-13-00-01-17-454000,rl2,8,0.75,0.875,1
2025-10-13-00-01-37-879000,rl2,8,1.0,1.625,5
2025-10-13-00-02-22-038000,rl2,8,1.0,1.5,4
2025-10-13-00-04-59-000000,rl2,8,0.625,1.0,3
2025-10-13-00-26-50-123000,rl2,8,0.75,0.75,0
2025-10-13-00-27-04-770000,rl2,8,1.0,1.125,1
2025-10-13-00-27-19-744000,rl2,8,0.625,0.625,0
2025-10-13-00-27-33-211000,rl2,8,0.75,0.875,1
2025-10-13-00-35-50-000000,rl2,8,0.75,1.0,2
2025-10-13-00-43-42-000000,rl2,8,0.875,1.625,6
2025-10-13-00-57-30-000000,rl2,8,0.375,0.5,1
2025-10-13-01-18-34-000000,rl2,8,0.625,0.75,1
2025-10-13-02-24-10-000000,rl2,8,0.625,1.125,4
2025-10-13-02-33-23-000000,rl2,8,0.625,1.0,3
2025-10-13-02-48-34-000000,rl2,8,1.0,1.875,7
2025-10-13-02-56-33-000000,rl2,8,0.875,1.375,4
2025-10-13-03-51-05-413000,rl2,8,0.875,1.375,4
2025-10-13-03-51-22-623000,rl2,8,0.875,1.375,4
2025-10-13-03-52-23-515000,rl2,8,0.875,0.875,0
2025-10-13-03-52-56-528000,rl2,8,1.0,1.375,3
2025-10-13-03-53-27-758000,rl2,8,0.875,1.625,6
2025-10-13-03-53-53-876000,rl2,8,0.75,1.0,2
2025-10-13-03-54-21-206000,rl2,8,0.875,1.5,5
2025-10-13-03-55-38-230000,rl2,8,0.5,0.5,0
2025-10-13-03-55-42-588000,rl2,8,0.75,1.0,2
2025-10-13-03-56-06-797000,rl2,8,0.5,0.625,1
2025-10-13-03-56-28-534000,rl2,8,0.625,0.875,2
2025-10-13-03-56-52-773000,rl2,8,0.625,0.75,1
2025-10-13-03-58-47-763000,rl2,8,0.625,0.75,1
2025-10-13-03-59-26-539000,rl2,8,0.75,1.0,2
2025-10-13-15-48-09-742000,rl2,8,0.75,1.0,2
2025-10-13-15-48-25-302000,rl2,8,0.625,0.875,2
2025-10-13-15-48-40-837000,rl2,8,0.5,0.5,0
2025-10-13-16-22-05-280000,rl2,8,0.75,0.875,1
2025-10-13-16-22-15-663000,rl2,8,0.25,0.375,1
2025-10-13-16-22-29-635000,rl2,8,0.75,0.875,1
2025-10-13-16-22-42-479000,rl2,8,0.625,0.625,0
2025-10-13-16-22-55-437000,rl2,8,0.75,1.125,3
2025-10-13-16-23-05-802000,rl2,8,0.75,1.0,2
2025-10-13-16-23-16-056000,rl2,8,0.875,1.25,3
2025-10-13-16-23-27-391000,rl2,8,0.25,0.375,1
2025-10-13-16-37-33-020000,rl2,8,0.75,1.125,3
2025-10-13-16-38-08-386000,rl2,8,0.375,0.5,1
2025-10-13-16-38-26-806000,rl2,8,0.875,1.125,2
2025-10-13-16-38-43-697000,rl2,8,0.875,1.375,4
2025-10-13-16-39-00-562000,rl2,8,0.875,1.5,5
2025-10-13-17-49-55-711000,rl2,8,0.75,1.0,2
2025-10-13-17-50-15-502000,rl2,8,0.75,1.125,3
2025-10-13-17-50-36-573000,rl2,8,0.5,0.5,0
2025-10-13-17-50-56-268000,rl2,8,0.5,0.625,1
2025-10-13-17-51-16-579000,rl2,8,0.625,1.0,3
2025-10-13-17-52-54-347000,rl2,8,0.125,0.125,0
2025-10-13-17-53-08-337000,rl2,8,0.125,0.125,0
2025-10-13-17-53-22-578000,rl2,8,0.0,0.0,0
2025-10-13-17-53-37-475000,rl2,8,0.125,0.125,0
2025-10-14-02-53-00-652000,rl2,8,0.875,1.125,2
2025-10-14-02-53-17-389000,rl2,8,0.625,0.875,2
2025-10-14-03-22-18-000000,rl2,8,0.875,1.375,4
2025-10-14-03-27-35-000000,rl2,8,0.5,0.625,1
2025-10-14-03-33-04-000000,rl2,8,1.0,1.375,3
2025-10-14-03-41-18-000000,rl2,8,1.0,1.75,6
2025-10-14-03-46-49-000000,rl2,8,1.0,1.5,4
2025-10-14-03-52-11-000000,rl2,8,0.625,0.875,2
2025-10-14-04-00-10-000000,rl2,8,0.0,0.0,0
2025-10-14-04-15-30-000000,rl2,8,0.625,1.0,3
2025-10-14-04-21-05-000000,rl2,8,0.75,1.0,2
2025-10-14-04-29-19-106000,rl2,8,0.875,1.125,2
2025-10-14-04-29-38-501000,rl2,8,0.875,1.125,2
2025-10-14-04-29-58-059000,rl2,8,0.5,0.875,3
2025-10-14-04-30-14-819000,rl2,8,0.75,1.0,2
2025-10-14-04-30-33-706000,rl2,8,0.75,1.0,2
2025-10-14-04-31-24-089000,rl2,8,0.875,1.125,2
2025-10-15-20-26-47-000000,rl2,8,0.375,0.5,1
2025-10-15-20-30-56-000000,rl2,8,0.375,0.625,2
2025-10-15-20-36-36-000000,rl2,8,0.75,1.25,4
2025-10-15-20-40-40-000000,rl2,8,0.875,1.625,6
2025-10-21-00-09-38-000000,rl2,8,0.5,0.875,3
2025-10-21-00-28-58-000000,rl2,8,1.0,1.625,5
2025-10-29-21-54-36-189000,rl2,8,0.375,0.375,0
2025-10-29-21-54-36-190000,rl2,8,0.375,0.375,0
2025-10-29-21-54-36-194000,rl2,8,0.625,0.875,2
2025-10-29-21-54-36-195000,rl2,8,0.625,0.875,2
2025-10-29-21-54-36-196000,rl2,8,0.375,0.5,1
2025-10-29-21-54-36-197000,rl2,8,0.25,0.25,0
2025-10-29-21-54-36-198000,rl2,8,0.625,0.875,2
2025-10-29-21-54-36-199000,rl2,8,0.625,1.0,3
2025-10-29-21-54-36-200000,rl2,8,0.625,0.75,1
2025-10-29-21-54-36-201000,rl2,8,0.625,0.875,2
2025-10-29-21-54-36-202000,rl2,8,0.875,1.0,1
2025-10-29-21-54-36-203000,rl2,8,0.75,1.0,2
2025-10-29-21-54-36-204000,rl2,8,0.875,1.375,4
2025-10-29-21-54-36-213000,rl2,8,0.75,0.875,1
2025-10-29-21-54-36-214000,rl2,8,0.125,0.125,0
2025-10-29-21-54-36-215000,rl2,8,0.75,1.0,2
2025-10-29-21-54-36-216000,rl2,8,0.75,1.125,3
2025-10-29-21-54-36-217000,rl2,8,0.75,1.0,2
2025-10-29-21-54-36-218000,rl2,8,0.75,0.75,0
2025-10-29-21-54-36-220000,rl2,8,0.75,0.875,1
2025-10-29-21-54-36-221000,rl2,8,0.375,0.375,0
2025-10-29-21-54-36-222000,rl2,8,0.75,1.125,3
2025-10-29-21-54-36-223000,rl2,8,0.625,0.75,1
2025-10-29-21-54-36-224000,rl2,8,0.375,0.5,1
2025-10-29-21-54-36-225000,rl2,8,0.5,0.875,3
2025-10-29-21-59-28-866000,rl2,8,0.625,0.875,2
2025-10-29-21-59-41-062000,rl2,8,0.875,1.375,4
2025-10-29-21-59-44-346000,rl2,8,0.5,0.5,0
2025-10-29-21-59-49-791000,rl2,8,0.0,0.0,0
2025-10-29-21-59-56-325000,rl2,8,0.75,0.875,1
2025-10-29-21-59-59-879000,rl2,8,0.375,0.375,0
2025-10-29-22-00-54-819000,rl2,8,0.625,0.875,2
2025-10-29-22-00-54-820000,rl2,8,0.75,0.875,1
2025-10-29-22-00-54-821000,rl2,8,0.75,1.125,3
2025-10-29-22-00-54-822000,rl2,8,0.5,0.5,0
2025-10-29-22-01-11-717000,rl2,8,0.125,0.25,1
2025-10-29-22-01-11-719000,rl2,8,0.375,0.5,1
2025-10-29-22-01-11-720000,rl2,8,0.25,0.25,0
2025-10-29-22-01-11-721000,rl2,8,0.5,0.75,2
2025-10-29-22-01-11-722000,rl2,8,0.25,0.25,0
2025-10-29-22-01-11-723000,rl2,8,0.375,0.5,1
2025-10-29-22-01-54-603000,rl2,8,0.125,0.25,1
2025-10-29-22-01-54-605000,rl2,8,0.625,0.75,1
2025-10-29-22-01-54-606000,rl2,8,0.125,0.125,0
2025-10-29-22-01-54-607000,rl2,8,0.0,0.0,0
2025-10-29-22-01-54-608000,rl2,8,0.5,0.875,3
2025-10-29-22-01-54-609000,rl2,8,0.5,0.5,0
2025-10-29-22-01-58-834000,rl2,8,0.875,1.375,4
2025-10-29-22-02-01-699000,rl2,8,0.75,1.0,2
2025-10-29-22-02-04-385000,rl2,8,0.0,0.0,0
2025-10-29-22-02-07-340000,rl2,8,0.0,0.0,0
2025-10-29-22-02-10-145000,rl2,8,0.75,0.875,1
2025-10-29-22-02-15-410000,rl2,8,0.5,0.75,2
2025-10-29-22-02-20-323000,rl2,8,0.25,0.25,0
2025-10-29-22-02-23-166000,rl2,8,0.0,0.0,0
2025-10-29-22-02-23-167000,rl2,8,0.625,0.75,1
2025-10-29-22-02-23-168000,rl2,8,0.5,0.5,0
2025-10-29-22-02-26-818000,rl2,8,0.5,0.75,2
2025-10-29-22-02-26-819000,rl2,8,0.75,1.0,2
2025-10-29-22-02-26-820000,rl2,8,0.875,1.75,7
2025-10-29-22-02-26-821000,rl2,8,0.25,0.5,2
2025-10-29-22-02-29-525000,rl2,8,0.5,0.75,2
2025-10-29-22-02-29-527000,rl2,8,0.625,1.0,3
2025-10-29-22-02-29-528000,rl2,8,1.0,1.375,3
2025-10-29-22-02-29-529000,rl2,8,0.5,0.75,2
2025-10-29-22-02-32-487000,rl2,8,0.25,0.25,0
2025-10-29-22-02-32-488000,rl2,8,0.25,0.25,0
2025-10-29-22-02-32-490000,rl2,8,0.25,0.25,0
2025-10-29-22-02-32-491000,rl2,8,0.125,0.125,0
2025-10-29-22-02-35-975000,rl2,8,0.375,0.625,2
2025-10-29-22-02-35-976000,rl2,8,0.0,0.0,0
2025-10-29-22-02-35-977000,rl2,8,0.25,0.375,1
2025-10-29-22-02-35-978000,rl2,8,0.25,0.375,1
2025-10-29-22-02-43-002000,rl2,8,0.0,0.0,0
2025-10-29-22-02-43-003000,rl2,8,0.75,1.0,2
2025-10-29-22-02-43-004000,rl2,8,0.375,0.5,1
2025-10-29-22-03-34-282000,rl2,8,0.75,1.25,4
2025-10-29-22-03-40-792000,rl2,8,0.25,0.25,0
2025-10-29-22-03-46-365000,rl2,8,0.25,0.375,1
2025-10-29-22-03-49-312000,rl2,8,0.5,0.875,3
2025-10-29-22-03-53-625000,rl2,8,0.5,0.5,0
2025-10-29-22-03-56-738000,rl2,8,0.125,0.125,0
2025-10-29-22-04-01-785000,rl2,8,0.75,1.125,3
2025-10-29-22-04-01-787000,rl2,8,0.125,0.125,0
2025-10-29-22-04-01-788000,rl2,8,0.25,0.25,0
2025-10-29-22-04-05-565000,rl2,8,0.625,1.0,3
2025-10-29-22-04-05-567000,rl2,8,0.25,0.25,0
2025-10-29-22-04-05-568000,rl2,8,0.0,0.0,0
2025-10-29-22-04-05-569000,rl2,8,0.0,0.0,0
2025-10-29-22-04-09-105000,rl2,8,0.25,0.25,0
2025-10-29-22-04-09-107000,rl2,8,0.125,0.125,0
2025-10-29-22-04-09-108000,rl2,8,0.0,0.0,0
2025-10-29-22-04-09-109000,rl2,8,0.125,0.125,0
2025-10-29-22-04-18-886000,rl2,8,0.625,0.875,2
2025-10-29-22-05-17-803000,rl2,8,0.25,0.25,0
2025-10-29-22-05-17-804000,rl2,8,0.125,0.125,0
2025-10-29-22-05-17-806000,rl2,8,0.375,0.5,1
2025-10-29-22-05-17-807000,rl2,8,0.5,0.75,2
2025-10-29-22-05-17-809000,rl2,8,0.125,0.125,0
2025-10-29-22-05-17-810000,rl2,8,0.125,0.125,0
2025-10-29-22-05-17-811000,rl2,8,0.625,0.75,1
2025-10-29-22-05-17-814000,rl2,8,0.875,1.75,7
2025-10-29-22-05-17-815000,rl2,8,0.5,0.875,3
2025-10-29-22-05-17-816000,rl2,8,1.0,1.75,6
2025-10-29-22-05-17-817000,rl2,8,0.125,0.125,0
2025-10-29-22-05-17-818000,rl2,8,0.0,0.0,0
2025-10-29-22-05-17-819000,rl2,8,0.375,0.375,0
2025-10-29-22-05-17-820000,rl2,8,0.25,0.25,0
2025-10-29-22-05-17-821000,rl2,8,0.625,0.75,1
2025-10-29-22-05-17-822000,rl2,8,0.625,0.625,0
2025-10-29-22-05-17-823000,rl2,8,0.375,0.625,2
2025-10-29-22-05-17-824000,rl2,8,0.625,1.0,3
2025-10-29-22-05-17-826000,rl2,8,0.75,0.875,1
2025-10-29-22-05-17-828000,rl2,8,0.875,1.125,2
2025-10-29-22-05-17-829000,rl2,8,0.625,0.625,0
2025-10-29-22-05-17-830000,rl2,8,0.375,0.375,0
2025-10-29-22-05-17-832000,rl2,8,1.0,1.875,7
2025-10-29-22-05-17-833000,rl2,8,0.625,0.75,1
2025-10-29-22-05-17-835000,rl2,8,1.0,1.75,6
2025-10-29-22-05-17-836000,rl2,8,0.875,1.5,5
2025-10-29-22-05-17-838000,rl2,8,1.0,1.5,4
2025-10-29-22-05-17-839000,rl2,8,1.0,1.5,4
2025-10-29-22-05-17-840000,rl2,8,0.75,1.375,5
2025-10-29-22-05-17-842000,rl2,8,0.5,0.75,2
2025-10-29-22-05-17-843000,rl2,8,1.0,1.75,6
2025-10-29-22-05-17-845000,rl2,8,0.625,0.875,2
2025-10-29-22-06-00-404000,rl2,8,0.625,0.875,2
2025-10-29-22-06-00-405000,rl2,8,1.0,1.5,4
2025-10-29-22-06-00-406000,rl2,8,1.0,1.75,6
2025-10-29-22-06-00-408000,rl2,8,1.0,1.375,3
2025-10-29-22-06-00-409000,rl2,8,0.5,0.625,1
2025-10-29-22-06-00-410000,rl2,8,0.875,1.625,6
2025-10-29-22-06-00-411000,rl2,8,0.5,0.75,2
2025-10-29-22-06-00-412000,rl2,8,0.75,1.0,2
2025-10-29-22-06-00-414000,rl2,8,0.625,1.0,3
2025-10-29-22-06-00-415000,rl2,8,0.0,0.0,0
2025-10-29-22-06-00-416000,rl2,8,0.25,0.25,0
2025-10-29-22-06-00-417000,rl2,8,0.375,0.375,0
2025-10-29-22-06-00-418000,rl2,8,0.375,0.375,0
2025-10-29-22-06-00-419000,rl2,8,0.375,0.5,1
2025-10-29-22-06-00-420000,rl2,8,0.5,0.625,1
2025-10-29-22-06-00-421000,rl2,8,0.875,1.5,5
2025-10-29-22-06-00-422000,rl2,8,0.875,1.625,6
2025-10-29-22-06-00-423000,rl2,8,1.0,2.0,8
2025-10-29-22-06-00-424000,rl2,8,0.625,1.125,4
2025-10-29-22-06-00-425000,rl2,8,0.375,0.625,2
2025-10-29-22-06-00-426000,rl2,8,0.125,0.25,1
2025-10-29-22-06-00-427000,rl2,8,0.625,0.625,0
2025-10-29-22-06-00-428000,rl2,8,0.875,1.625,6
2025-10-29-22-06-00-429000,rl2,8,0.875,1.5,5
2025-10-29-22-06-00-430000,rl2,8,0.625,0.75,1
2025-10-29-22-06-00-431000,rl2,8,0.375,0.5,1
2025-10-29-22-06-00-432000,rl2,8,0.5,0.625,1
2025-10-29-22-06-00-433000,rl2,8,0.75,0.75,0
2025-10-29-22-06-00-434000,rl2,8,0.5,0.875,3
2025-10-29-22-06-00-435000,rl2,8,0.625,1.125,4
2025-10-29-22-06-00-436000,rl2,8,0.625,1.0,3
2025-10-29-22-06-00-437000,rl2,8,0.625,0.75,1
2025-10-29-22-06-00-461000,rl2,8,0.875,1.625,6
2025-10-29-22-06-00-462000,rl2,8,0.875,1.375,4
2025-10-29-22-06-00-463000,rl2,8,1.0,1.75,6
2025-11-11-22-45-26-046000,rl2,8,0.25,0.25,0
2025-11-11-22-45-45-372000,rl2,8,0.75,0.875,1
2025-11-11-22-46-01-494000,rl2,8,0.375,0.5,1
2025-11-11-22-46-20-861000,rl2,8,0.25,0.25,0
2025-11-11-22-46-39-752000,rl2,8,1.0,2.0,8
2025-11-11-22-46-59-304000,rl2,8,1.0,1.875,7
2025-11-11-22-47-16-402000,rl2,8,1.0,1.5,4
2025-11-11-22-47-33-445000,rl2,8,0.875,1.625,6
2025-11-11-22-48-06-312000,rl2,8,1.0,1.625,5
2025-11-11-22-48-22-636000,rl2,8,1.0,2.0,8
2025-11-11-22-48-37-186000,rl2,8,1.0,1.875,7
2025-11-11-22-48-53-224000,rl2,8,0.5,0.625,1
2025-11-11-22-49-12-078000,rl2,8,0.625,1.0,3
2025-11-11-22-49-33-824000,rl2,8,0.75,0.75,0
2025-11-11-22-49-55-195000,rl2,8,0.25,0.375,1
2025-11-11-22-50-12-026000,rl2,8,0.75,1.0,2
2025-11-11-22-50-29-413000,rl2,8,1.0,1.5,4
2025-11-11-22-50-42-693000,rl2,8,1.0,1.375,3
2025-11-11-22-51-05-701000,rl2,8,0.875,1.25,3
2025-11-11-22-51-29-487000,rl2,8,0.875,1.125,2
2025-11-11-22-51-51-342000,rl2,8,1.0,1.875,7
2025-11-11-22-52-13-639000,rl2,8,1.0,1.625,5
2025-11-11-22-52-33-756000,rl2,8,1.0,1.875,7
2025-11-11-22-52-56-176000,rl2,8,0.75,1.125,3
2025-11-11-22-53-12-397000,rl2,8,0.875,1.125,2
2025-11-11-22-53-29-485000,rl2,8,1.0,2.0,8
2025-11-11-22-53-46-156000,rl2,8,0.625,1.0,3
2025-11-11-22-54-07-644000,rl2,8,0.5,0.625,1
2025-11-11-22-54-29-457000,rl2,8,0.75,1.125,3
2025-11-11-22-54-43-853000,rl2,8,1.0,1.625,5
2025-11-11-22-55-03-203000,rl2,8,0.875,1.125,2
2025-11-11-22-55-17-748000,rl2,8,0.0,0.0,0
2025-11-11-22-55-28-353000,rl2,8,0.5,0.5,0
2025-11-11-22-55-39-656000,rl2,8,0.25,0.375,1
2025-11-11-22-55-56-880000,rl2,8,0.625,0.75,1
2025-11-11-22-56-13-083000,rl2,8,0.25,0.375,1
2025-11-11-22-56-28-321000,rl2,8,1.0,1.75,6
2025-11-11-22-56-48-683000,rl2,8,0.875,1.625,6
2025-11-22-23-48-44-070000,rl2,8,1.0,1.75,6
2025-11-22-23-48-44-089000,rl2,8,0.125,0.125,0
2025-11-22-23-48-44-122000,rl2,8,1.0,1.375,3
2025-11-23-19-41-59-700000,rl2,8,0.5,0.5,0
2025-11-23-19-42-15-896000,rl2,8,0.625,0.625,0
2025-11-23-19-42-30-541000,rl2,8,0.625,1.0,3
2025-11-23-19-42-41-832000,rl2,8,1.0,2.0,8
2025-11-23-19-42-53-057000,rl2,8,0.75,1.25,4
2025-11-23-19-43-04-853000,rl2,8,0.875,1.375,4
2025-11-23-19-43-18-340000,rl2,8,0.875,1.625,6
2025-11-23-19-43-46-578000,rl2,8,0.75,1.25,4
2025-11-23-19-44-09-197000,rl2,8,1.0,1.375,3
2025-11-23-19-44-25-710000,rl2,8,0.875,1.5,5
2025-11-23-19-44-41-638000,rl2,8,1.0,1.625,5
2025-11-23-19-44-54-068000,rl2,8,0.375,0.5,1
2025-11-23-19-45-07-808000,rl2,8,0.875,1.25,3
2025-11-23-19-45-26-311000,rl2,8,0.625,1.0,3
2025-11-23-19-45-45-117000,rl2,8,0.75,1.125,3
2025-11-24-20-22-59-483000,rl2,8,0.75,1.125,3
2025-11-24-20-23-14-893000,rl2,8,0.625,1.25,5
2025-11-24-20-23-30-277000,rl2,8,1.0,1.375,3
2025-11-24-20-23-46-303000,rl2,8,1.0,1.375,3
2025-11-24-20-24-01-320000,rl2,8,1.0,1.875,7
2025-11-24-20-24-16-462000,rl2,8,0.75,1.5,6
2025-11-24-20-24-32-080000,rl2,8,1.0,1.875,7
2025-11-24-20-24-48-557000,rl2,8,0.125,0.25,1
2025-11-24-20-25-05-493000,rl2,8,0.75,0.75,0
2025-11-24-20-25-22-940000,rl2,8,0.5,0.875,3
2025-11-24-20-25-32-091000,rl2,8,0.5,0.625,1
2025-11-24-20-25-48-438000,rl2,8,0.75,1.0,2
2025-11-24-20-26-03-116000,rl2,8,1.0,1.25,2
2025-11-24-20-26-18-264000,rl2,8,0.75,1.375,5
2025-11-24-20-26-32-162000,rl2,8,0.625,1.0,3
2025-11-24-20-26-47-208000,rl2,8,0.875,1.25,3
2025-11-24-20-27-06-126000,rl2,8,0.875,1.75,7
2025-11-24-20-27-24-975000,rl2,8,0.75,1.5,6
2025-11-24-20-27-44-006000,rl2,8,1.0,1.625,5
2025-11-24-20-28-03-428000,rl2,8,1.0,1.75,6
2025-12-09-23-00-30-725000,rl2,8,0.375,0.5,1
2025-12-09-23-01-29-940000,rl2,8,0.875,1.25,3
2025-12-09-23-01-46-368000,rl2,8,0.75,1.125,3
2025-12-09-23-02-03-731000,rl2,8,0.625,0.75,1
2025-12-09-23-02-21-846000,rl2,8,0.5,0.625,1
2025-12-09-23-02-39-780000,rl2,8,0.75,0.75,0
2025-12-09-23-02-57-487000,rl2,8,0.875,1.375,4
2025-12-09-23-03-14-919000,rl2,8,0.875,1.5,5
2026-01-06-20-50-02-445000,rl2,8,0.375,0.625,2
2026-01-06-20-52-14-820000,rl2,8,0.375,0.375,0
2026-01-08-21-51-53-000000,rl2,8,0.875,1.25,3
2026-01-08-21-58-04-000000,rl2,8,0.75,1.0,2
2026-01-08-22-02-55-000000,rl2,8,1.0,1.625,5
2026-01-08-22-07-39-000000,rl2,8,0.5,0.75,2
2026-01-08-22-41-22-000000,rl2,8,0.25,0.375,1
2026-01-08-22-48-30-000000,rl2,8,0.875,1.375,4
2026-01-08-22-59-47-000000,rl2,8,0.75,1.375,5
2026-01-08-23-04-48-000000,rl2,8,0.75,1.375,5
2026-01-08-23-18-36-000000,rl2,8,0.75,1.25,4
2026-01-08-23-23-46-000000,rl2,8,0.875,1.0,1
2026-01-08-23-32-08-000000,rl2,8,0.625,0.75,1
2026-01-08-23-42-39-000000,rl2,8,0.75,0.875,1
2026-01-08-23-51-17-000000,rl2,8,0.125,0.125,0
2026-01-08-23-57-13-000000,rl2,8,0.625,0.75,1
2026-01-09-00-04-42-000000,rl2,8,0.5,0.5,0
2026-01-09-00-09-32-000000,rl2,8,0.5,0.625,1
2026-01-09-00-14-38-000000,rl2,8,0.25,0.375,1
2026-01-09-00-19-36-000000,rl2,8,0.5,0.5,0
2026-01-09-00-24-08-000000,rl2,8,0.25,0.25,0
2026-01-09-00-29-05-000000,rl2,8,0.75,1.0,2
2026-01-09-00-41-56-000000,rl2,8,0.125,0.125,0
2026-01-09-00-50-24-000000,rl2,8,0.5,0.75,2
2026-01-09-00-55-10-000000,rl2,8,0.625,1.0,3
2026-01-09-01-00-13-000000,rl2,8,0.625,0.75,1
2026-01-09-19-48-24-000000,rl2,8,0.875,1.375,4
2026-01-09-19-53-09-000000,rl2,8,0.75,1.125,3
2026-01-09-19-57-45-000000,rl2,8,0.5,1.0,4
2026-01-09-20-03-13-000000,rl2,8,0.75,0.75,0
2026-01-09-20-14-23-000000,rl2,8,0.375,0.375,0
2026-01-09-20-19-26-000000,rl2,8,1.0,1.625,5
2026-01-09-20-24-04-000000,rl2,8,0.25,0.375,1
2026-01-09-20-31-25-000000,rl2,8,0.125,0.125,0
2026-01-20-21-28-19-470000,rl2,8,0.875,1.375,4
2026-01-20-21-28-33-672000,rl2,8,0.5,0.625,1
2026-01-20-21-28-46-027000,rl2,8,0.125,0.125,0
2026-01-20-21-28-58-868000,rl2,8,1.0,1.375,3
2026-01-20-21-29-45-799000,rl2,8,1.0,1.875,7
2026-01-20-21-30-16-883000,rl2,8,0.875,1.25,3
2026-01-20-21-30-45-970000,rl2,8,0.875,1.25,3
2026-01-20-21-31-13-320000,rl2,8,0.625,1.25,5
2026-01-20-21-31-40-476000,rl2,8,0.625,0.875,2
2026-01-20-21-32-08-684000,rl2,8,0.75,0.875,1
2026-01-20-21-32-36-344000,rl2,8,0.25,0.375,1
2026-01-20-21-33-05-081000,rl2,8,0.75,1.25,4
