episode_hash,status,total_frames,padded_len,sql_num_frames,n_annotations,fps,n_arrays
692fe17b34a99e18e2528933,ok,174,174,174.0,0,30,7
692e9f2cba0400c70689fdfd,ok,189,189,189.0,0,30,7
692f0f32fbcce321dca7507b,ok,209,209,209.0,0,30,7
692e90f07641010d043544f0,ok,138,138,138.0,0,30,7
692efe44f59fd218b1be01bc,ok,131,131,131.0,0,30,7
692ec52b526b2c3ac5f5b568,ok,150,150,150.0,0,30,7
692ea90de2322e3b092b5f08,ok,209,209,209.0,0,30,7
692e90ef7641010d043544e8,ok,133,133,133.0,0,30,7
692eefe30ba268eb16564aad,ok,201,201,201.0,0,30,7
692fe3fbd35e50f3aed1e3b0,ok,228,228,228.0,0,30,7
692eefe40ba268eb16564abb,ok,186,186,186.0,0,30,7
692f0f34fbcce321dca7508e,ok,215,215,215.0,0,30,7
692ea21bc7cb0e94dc84bb3d,ok,191,191,191.0,0,30,7
692e8ab95aae241ad236eaaf,ok,214,214,214.0,0,30,7
692e9f05e2322e3b092b5d9c,ok,190,190,190.0,0,30,7
692e9f04e2322e3b092b5d91,ok,210,210,210.0,0,30,7
692e90c63b319da763b71852,ok,212,212,212.0,0,30,7
692eb28f21fc595fbe6f9614,ok,226,226,226.0,0,30,7
692efdc4fbcce321dca74fb9,ok,235,235,235.0,0,30,7
692ea17cba0400c70689fe4d,ok,162,162,162.0,0,30,7
692eab3b5cd6df8b6023ca8c,ok,210,210,210.0,0,30,7
692ea1c268228e362d908fd2,ok,203,203,203.0,0,30,7
692fe79b34a99e18e252898f,ok,236,236,236.0,0,30,7
692eb78d4e7eab2cafd26aab,ok,209,209,209.0,0,30,7
692ea124eee2f8cb10d0f726,ok,87,87,87.0,0,30,7
692efcdd4cbe809837380006,ok,139,139,139.0,0,30,7
692ec52d526b2c3ac5f5b57c,ok,152,152,152.0,0,30,7
692fe255400f4662f13d7b09,ok,192,192,192.0,0,30,7
6930852199946db9586cf532,ok,175,175,175.0,0,30,7
692fe8793c1dfb13a7a99ed6,ok,173,173,173.0,0,30,7
692e9f2bba0400c70689fdf4,ok,187,187,187.0,0,30,7
6930852099946db9586cf527,ok,221,221,221.0,0,30,7
692eb0eac621d7f4aac3ac2a,ok,120,120,120.0,0,30,7
692ea31aba0400c70689fe8d,ok,165,165,165.0,0,30,7
692efcdf4cbe809837380020,ok,151,151,151.0,0,30,7
692f0f30fbcce321dca75066,ok,230,230,230.0,0,30,7
692ea44dc621d7f4aac3aaec,ok,205,205,205.0,0,30,7
692eab4ce2322e3b092b5f69,ok,222,222,222.0,0,30,7
692e943aaf371a654ce7fbdd,ok,179,179,179.0,0,30,7
6930852099946db9586cf51d,ok,212,212,212.0,0,30,7
692ea6d8dbc4294a49cc728c,ok,234,234,234.0,0,30,7
692eadb76974927fef249d32,ok,169,169,169.0,0,30,7
692ea0705cd6df8b6023c98a,ok,204,204,204.0,0,30,7
692f0f33fbcce321dca75085,ok,215,215,215.0,0,30,7
692eefe40ba268eb16564aba,ok,197,197,197.0,0,30,7
692efcdf4cbe80983738001e,ok,150,150,150.0,0,30,7
692eefe10ba268eb16564aa1,ok,221,221,221.0,0,30,7
692ff26c400f4662f13d7bc3,ok,561,561,561.0,0,30,7
692e97596974927fef249ba2,ok,189,189,189.0,0,30,7
692e90ef7641010d043544ec,ok,149,149,149.0,0,30,7
692ec52d526b2c3ac5f5b57b,ok,148,148,148.0,0,30,7
692eab0eba0400c70689ff60,ok,201,201,201.0,0,30,7
692e90ee7641010d043544e6,ok,136,136,136.0,0,30,7
692eabf7e2322e3b092b5f7d,ok,213,213,213.0,0,30,7
692eb651ba0400c7068a0043,ok,200,200,200.0,0,30,7
692ef313b07e0e30ff11329a,ok,219,219,219.0,0,30,7
692ea31bba0400c70689fe92,ok,164,164,164.0,0,30,7
692edad79ca48e15a25b294f,ok,191,191,191.0,0,30,7
692eab2199488ff84776f9d1,ok,217,217,217.0,0,30,7
692efdc0fbcce321dca74f93,ok,235,235,235.0,0,30,7
692ea6039cebf0ec017ddcbf,ok,185,185,185.0,0,30,7
692eb28f21fc595fbe6f9617,ok,208,208,208.0,0,30,7
6930851f99946db9586cf516,ok,191,191,191.0,0,30,7
692fe28e44aaf21386afac98,ok,229,229,229.0,0,30,7
692ea713a0e165ab2e42e4c3,ok,548,548,548.0,0,30,7
692ea6039cebf0ec017ddcc3,ok,191,191,191.0,0,30,7
692ea28ad3d807884d4dd706,ok,179,179,179.0,0,30,7
692e7b5a39719ab57395b4a4,ok,237,237,237.0,0,30,7
692eb78c4e7eab2cafd26aa1,ok,225,225,225.0,0,30,7
692fe7ccb03ac7c2657d54d6,ok,159,159,159.0,0,30,7
692fe11723495751654da55c,ok,202,202,202.0,0,30,7
692e87215aae241ad236ea13,ok,238,238,238.0,0,30,7
692ea318ba0400c70689fe7e,ok,93,93,93.0,0,30,7
692fe3fcd35e50f3aed1e3bd,ok,198,198,198.0,0,30,7
692eb3fb96d2056439f01995,ok,156,156,156.0,0,30,7
692ea90ce2322e3b092b5f01,ok,199,199,199.0,0,30,7
692eabf6e2322e3b092b5f78,ok,208,208,208.0,0,30,7
692efe45f59fd218b1be01c4,ok,82,82,82.0,0,30,7
692f0f32fbcce321dca7507d,ok,193,193,193.0,0,30,7
692ef37efbcce321dca74edd,ok,195,195,195.0,0,30,7
692ea318ba0400c70689fe7f,ok,137,137,137.0,0,30,7
692e7fa74e86f0c01a206e98,ok,146,146,146.0,0,30,7
692e8f564e86f0c01a207012,ok,227,227,227.0,0,30,7
692e90c73b319da763b71855,ok,213,213,213.0,0,30,7
692ea92eb0d3d3c9d2606a11,ok,222,222,222.0,0,30,7
692f1f6f4cbe8098373800f3,ok,237,237,237.0,0,30,7
692eaade99488ff84776f9cb,ok,224,224,224.0,0,30,7
692eb650ba0400c7068a003f,ok,198,198,198.0,0,30,7
692eab2299488ff84776f9d7,ok,211,211,211.0,0,30,7
692eadb76974927fef249d34,ok,188,188,188.0,0,30,7
692eb28e21fc595fbe6f960c,ok,202,202,202.0,0,30,7
692fe49f2e52e483fcfb3fc6,ok,204,204,204.0,0,30,7
692f061f245e9187290071db,ok,214,214,214.0,0,30,7
692eadb43b319da763b71bae,ok,132,132,132.0,0,30,7
692eb651ba0400c7068a0048,ok,223,223,223.0,0,30,7
692ea127eee2f8cb10d0f738,ok,104,104,104.0,0,30,7
692eb08997ffd8ec9034028f,ok,182,182,182.0,0,30,7
692fe8dd6c1e69a4860825d9,ok,196,196,196.0,0,30,7
692fe8763c1dfb13a7a99ec0,ok,157,157,157.0,0,30,7
692ef313b07e0e30ff11329c,ok,197,197,197.0,0,30,7
692fe89fb108dc6b6c8bda38,ok,221,221,221.0,0,30,7
692ea28bd3d807884d4dd708,ok,166,166,166.0,0,30,7
692fe3fdd35e50f3aed1e3c5,ok,157,157,157.0,0,30,7
692eb74ff169106feb26b03b,ok,238,238,238.0,0,30,7
692e90ef7641010d043544ef,ok,222,222,222.0,0,30,7
6930852099946db9586cf528,ok,185,185,185.0,0,30,7
692eacffb0d3d3c9d2606a8e,ok,200,200,200.0,0,30,7
692eb652ba0400c7068a0051,ok,162,162,162.0,0,30,7
692ea124eee2f8cb10d0f727,ok,138,138,138.0,0,30,7
692ea7cdc609aae267b27972,ok,219,219,219.0,0,30,7
692ea49a727c13b350cb7c48,ok,212,212,212.0,0,30,7
692eb27ea0e165ab2e42e573,ok,180,180,180.0,0,30,7
692eb0eac621d7f4aac3ac2e,ok,102,102,102.0,0,30,7
692eb78b4e7eab2cafd26a97,ok,217,217,217.0,0,30,7
692feca3ff402550463ce6c3,ok,236,236,236.0,0,30,7
692eefe20ba268eb16564aaa,ok,204,204,204.0,0,30,7
692fedac44aaf21386afad43,ok,208,208,208.0,0,30,7
692ea94368228e362d9090b1,ok,226,226,226.0,0,30,7
692eb27fa0e165ab2e42e577,ok,204,204,204.0,0,30,7
692ea309ad0c9ef057d41ce3,ok,237,237,237.0,0,30,7
692fe953d51f8f46f2ad69e8,ok,211,211,211.0,0,30,7
692eb650ba0400c7068a003e,ok,227,227,227.0,0,30,7
692eadb13b319da763b71b99,ok,166,166,166.0,0,30,7
692fe8783c1dfb13a7a99ecd,ok,217,217,217.0,0,30,7
692f061f245e9187290071d7,ok,184,184,184.0,0,30,7
692ea946aec602a46af105e9,ok,232,232,232.0,0,30,7
6930855f76acbe36f0806bfa,ok,174,174,174.0,0,30,7
692ef46b5cec8e06f0b2db31,ok,235,235,235.0,0,30,7
692e9f04e2322e3b092b5d94,ok,235,235,235.0,0,30,7
692e991a1e78e176ba6cf779,ok,178,178,178.0,0,30,7
692ea84674b24813e75975be,ok,186,186,186.0,0,30,7
692eb27da0e165ab2e42e56a,ok,161,161,161.0,0,30,7
692e9644c609aae267b27746,ok,229,229,229.0,0,30,7
693084263fa7d23d994d12ff,ok,209,209,209.0,0,30,7
692eadaf3b319da763b71b8f,ok,208,208,208.0,0,30,7
692e9eb05aae241ad236ecb6,ok,194,194,194.0,0,30,7
692ea62d95aad87d3e344612,ok,183,183,183.0,0,30,7
692e87215aae241ad236ea0d,ok,231,231,231.0,0,30,7
692e8586aec602a46af10264,ok,179,179,179.0,0,30,7
6930852199946db9586cf531,ok,196,196,196.0,0,30,7
692fe49e2e52e483fcfb3fc0,ok,206,206,206.0,0,30,7
692fe8773c1dfb13a7a99ec6,ok,196,196,196.0,0,30,7
692eb2f0727c13b350cb7d52,ok,363,363,363.0,0,30,7
692fe3fbd35e50f3aed1e3b5,ok,168,168,168.0,0,30,7
692eadb76974927fef249d35,ok,171,171,171.0,0,30,7
692eb170d3d807884d4dd846,ok,223,223,223.0,0,30,7
692eb651ba0400c7068a004b,ok,156,156,156.0,0,30,7
692eb3fb96d2056439f01994,ok,197,197,197.0,0,30,7
692eaa08e2322e3b092b5f2e,ok,197,197,197.0,0,30,7
692eb78a4e7eab2cafd26a8a,ok,195,195,195.0,0,30,7
692ea62d95aad87d3e34460d,ok,221,221,221.0,0,30,7
692ef313b07e0e30ff11329e,ok,170,170,170.0,0,30,7
692fe79e34a99e18e25289a6,ok,220,220,220.0,0,30,7
692fe49e2e52e483fcfb3fbf,ok,229,229,229.0,0,30,7
692eb28d21fc595fbe6f9602,ok,229,229,229.0,0,30,7
692eb280a0e165ab2e42e584,ok,106,106,106.0,0,30,7
6930852199946db9586cf53a,ok,191,191,191.0,0,30,7
692ea319ba0400c70689fe88,ok,154,154,154.0,0,30,7
692fe5eea48e122f8325d3bb,ok,157,157,157.0,0,30,7
692ea467b0d3d3c9d26069c9,ok,200,200,200.0,0,30,7
692f061f245e9187290071d4,ok,220,220,220.0,0,30,7
692ea62c95aad87d3e34460b,ok,159,159,159.0,0,30,7
692ea4d574b24813e759753b,ok,187,187,187.0,0,30,7
692fe79e34a99e18e25289a7,ok,216,216,216.0,0,30,7
692e7fa84e86f0c01a206e9f,ok,136,136,136.0,0,30,7
692edeb00ba268eb1656495c,ok,356,356,356.0,0,30,7
692fe3fcd35e50f3aed1e3bb,ok,191,191,191.0,0,30,7
692ec52f526b2c3ac5f5b587,ok,131,131,131.0,0,30,7
692ef314b07e0e30ff1132a2,ok,210,210,210.0,0,30,7
692e9646c609aae267b27757,ok,215,215,215.0,0,30,7
692efe43f59fd218b1be01b2,ok,109,109,109.0,0,30,7
692ea84674b24813e75975c4,ok,185,185,185.0,0,30,7
692eb653ba0400c7068a005d,ok,164,164,164.0,0,30,7
692ea1c368228e362d908fd6,ok,210,210,210.0,0,30,7
692f08c60ba268eb16564c80,ok,244,244,244.0,0,30,7
692eb651ba0400c7068a004a,ok,141,141,141.0,0,30,7
692fe89eb108dc6b6c8bda2f,ok,171,171,171.0,0,30,7
692eefe10ba268eb16564aa0,ok,209,209,209.0,0,30,7
692e99191e78e176ba6cf76b,ok,166,166,166.0,0,30,7
692eaadd99488ff84776f9c4,ok,239,239,239.0,0,30,7
692efcdc4cbe80983737ffea,ok,146,146,146.0,0,30,7
692fe79f34a99e18e25289b0,ok,227,227,227.0,0,30,7
692fe3fbd35e50f3aed1e3b1,ok,166,166,166.0,0,30,7
692eb492f169106feb26b013,ok,222,222,222.0,0,30,7
692eb652ba0400c7068a0053,ok,173,173,173.0,0,30,7
692eb752f169106feb26b056,ok,238,238,238.0,0,30,7
692ea44dc621d7f4aac3aae6,ok,191,191,191.0,0,30,7
692e83ae567c97525f4011ab,ok,228,228,228.0,0,30,7
692e8d6faf371a654ce7fb2c,ok,236,236,236.0,0,30,7
692e92517641010d04354502,ok,228,228,228.0,0,30,7
692eaa08e2322e3b092b5f31,ok,221,221,221.0,0,30,7
692eaa12ad0c9ef057d41d9d,ok,229,229,229.0,0,30,7
692efe44f59fd218b1be01bb,ok,97,97,97.0,0,30,7
692efcdd4cbe80983737fff6,ok,159,159,159.0,0,30,7
692eb3fb96d2056439f0199e,ok,237,237,237.0,0,30,7
692eb750f169106feb26b04a,ok,227,227,227.0,0,30,7
692fe79f34a99e18e25289b1,ok,218,218,218.0,0,30,7
692ea6039cebf0ec017ddcba,ok,169,169,169.0,0,30,7
692eaf78b8797912ff78a8eb,ok,173,173,173.0,0,30,7
692efe42f59fd218b1be01ac,ok,119,119,119.0,0,30,7
692ea0ee3019385fbbf5674c,ok,215,215,215.0,0,30,7
692eaf78b8797912ff78a8ea,ok,187,187,187.0,0,30,7
692fe79b34a99e18e252898a,ok,202,202,202.0,0,30,7
692eab8895aad87d3e344693,ok,198,198,198.0,0,30,7
692fe7cab03ac7c2657d54c4,ok,163,163,163.0,0,30,7
692e9eae5aae241ad236eca6,ok,176,176,176.0,0,30,7
692eb08897ffd8ec90340284,ok,212,212,212.0,0,30,7
692efe44f59fd218b1be01ba,ok,103,103,103.0,0,30,7
692ea31aba0400c70689fe8b,ok,149,149,149.0,0,30,7
692e9eaf5aae241ad236ecae,ok,233,233,233.0,0,30,7
692eb653ba0400c7068a0056,ok,182,182,182.0,0,30,7
692eaa3840338017b7f9999a,ok,217,217,217.0,0,30,7
692ea1c268228e362d908fd1,ok,203,203,203.0,0,30,7
692efcde4cbe809837380007,ok,143,143,143.0,0,30,7
692eb32cb05428c72fb37669,ok,199,199,199.0,0,30,7
692ec52a526b2c3ac5f5b562,ok,162,162,162.0,0,30,7
692efe42f59fd218b1be01aa,ok,115,115,115.0,0,30,7
692e711f5aae241ad236e7fe,ok,137,137,137.0,0,30,7
692ec52a526b2c3ac5f5b55b,ok,135,135,135.0,0,30,7
692e7fa74e86f0c01a206e97,ok,239,239,239.0,0,30,7
692e90c93b319da763b7185f,ok,224,224,224.0,0,30,7
692e71f996d2056439f01277,ok,226,226,226.0,0,30,7
692ea4d674b24813e7597544,ok,201,201,201.0,0,30,7
692e90ef7641010d043544ea,ok,117,117,117.0,0,30,7
692e9dda727c13b350cb7b98,ok,228,228,228.0,0,30,7
692fe17a34a99e18e252892e,ok,212,212,212.0,0,30,7
692eab4ce2322e3b092b5f68,ok,217,217,217.0,0,30,7
692fe79d34a99e18e25289a1,ok,223,223,223.0,0,30,7
692e90ef7641010d043544eb,ok,151,151,151.0,0,30,7
692f061d245e9187290071c6,ok,238,238,238.0,0,30,7
692ea06f5cd6df8b6023c989,ok,216,216,216.0,0,30,7
692efe43f59fd218b1be01b5,ok,153,153,153.0,0,30,7
692ea84674b24813e75975c5,ok,163,163,163.0,0,30,7
692e9f2bba0400c70689fdf3,ok,197,197,197.0,0,30,7
692fe8a0b108dc6b6c8bda42,ok,225,225,225.0,0,30,7
692e9b1cb77ab81b8b41ecff,ok,223,223,223.0,0,30,7
692ea4d574b24813e759753c,ok,166,166,166.0,0,30,7
692efcdc4cbe80983737fff1,ok,167,167,167.0,0,30,7
692ec529526b2c3ac5f5b55a,ok,157,157,157.0,0,30,7
692fe49ce67536750dac0262,ok,489,489,489.0,0,30,7
692fe89fb108dc6b6c8bda3e,ok,191,191,191.0,0,30,7
692fedab44aaf21386afad3e,ok,236,236,236.0,0,30,7
692ea90ce2322e3b092b5f02,ok,212,212,212.0,0,30,7
692eb0e9c621d7f4aac3ac23,ok,136,136,136.0,0,30,7
6930856076acbe36f0806bfb,ok,192,192,192.0,0,30,7
692ec52d526b2c3ac5f5b57a,ok,139,139,139.0,0,30,7
692fe5eea48e122f8325d3c2,ok,184,184,184.0,0,30,7
692eb463aec602a46af1070e,ok,225,225,225.0,0,30,7
692ea2213b319da763b71a53,ok,199,199,199.0,0,30,7
692e991a1e78e176ba6cf776,ok,147,147,147.0,0,30,7
692eadb13b319da763b71b9b,ok,166,166,166.0,0,30,7
692eb08a97ffd8ec90340292,ok,197,197,197.0,0,30,7
692eaffbdfa4113987776ad5,ok,184,184,184.0,0,30,7
692e943aaf371a654ce7fbdc,ok,199,199,199.0,0,30,7
692ea17dba0400c70689fe54,ok,217,217,217.0,0,30,7
692fe7cab03ac7c2657d54c7,ok,173,173,173.0,0,30,7
692eb652ba0400c7068a004d,ok,163,163,163.0,0,30,7
692fe79d34a99e18e252899c,ok,221,221,221.0,0,30,7
692e9a0095aad87d3e344527,ok,230,230,230.0,0,30,7
692eefe20ba268eb16564aab,ok,210,210,210.0,0,30,7
692eb652ba0400c7068a0054,ok,173,173,173.0,0,30,7
692eaf79b8797912ff78a8f0,ok,215,215,215.0,0,30,7
692e8e4daec602a46af10308,ok,213,213,213.0,0,30,7
692e712496d2056439f01264,ok,485,485,485.0,0,30,7
692fe7ccb03ac7c2657d54d3,ok,168,168,168.0,0,30,7
692efcdc4cbe80983737ffeb,ok,175,175,175.0,0,30,7
692ea415d3d807884d4dd719,ok,188,188,188.0,0,30,7
692fe3fbd35e50f3aed1e3b4,ok,172,172,172.0,0,30,7
692ea636ffdc0ca6345c4291,ok,234,234,234.0,0,30,7
692eab4ce2322e3b092b5f66,ok,213,213,213.0,0,30,7
692f0f31fbcce321dca75070,ok,219,219,219.0,0,30,7
692eb653ba0400c7068a0055,ok,193,193,193.0,0,30,7
692eba20d3d807884d4dd862,ok,269,269,269.0,0,30,7
692eaa12ad0c9ef057d41d9f,ok,196,196,196.0,0,30,7
692eb27fa0e165ab2e42e57f,ok,119,119,119.0,0,30,7
692e83ad567c97525f4011a5,ok,239,239,239.0,0,30,7
692fe7ceb03ac7c2657d54e8,ok,163,163,163.0,0,30,7
692eb27fa0e165ab2e42e57a,ok,114,114,114.0,0,30,7
6930855e76acbe36f0806bed,ok,201,201,201.0,0,30,7
692eab3b5cd6df8b6023ca8a,ok,237,237,237.0,0,30,7
692eb27fa0e165ab2e42e57c,ok,109,109,109.0,0,30,7
692fe79c34a99e18e2528998,ok,218,218,218.0,0,30,7
692eaaf0dfa4113987776a63,ok,482,482,482.0,0,30,7
692eaa12ad0c9ef057d41d9b,ok,220,220,220.0,0,30,7
692fe15ab108dc6b6c8bd9bf,ok,153,153,153.0,0,30,7
692e92517641010d04354506,ok,220,220,220.0,0,30,7
692eb90468bf0a1f46230625,ok,237,237,237.0,0,30,7
692ec52f526b2c3ac5f5b58b,ok,136,136,136.0,0,30,7
692fe89eb108dc6b6c8bda33,ok,178,178,178.0,0,30,7
692eaf78b8797912ff78a8e7,ok,237,237,237.0,0,30,7
692eaa08e2322e3b092b5f2b,ok,197,197,197.0,0,30,7
692fe8dc6c1e69a4860825d2,ok,215,215,215.0,0,30,7
692eb78a4e7eab2cafd26a8c,ok,222,222,222.0,0,30,7
692f0620245e9187290071dd,ok,190,190,190.0,0,30,7
692e92517641010d04354504,ok,218,218,218.0,0,30,7
692eb64fba0400c7068a0035,ok,187,187,187.0,0,30,7
692fe7c9b03ac7c2657d54bf,ok,157,157,157.0,0,30,7
692efe42f59fd218b1be01a8,ok,130,130,130.0,0,30,7
692ea1c268228e362d908fcf,ok,230,230,230.0,0,30,7
692e8586aec602a46af1026c,ok,195,195,195.0,0,30,7
692ea7e9dbc4294a49cc729f,ok,211,211,211.0,0,30,7
692ea7ebdbc4294a49cc72a3,ok,167,167,167.0,0,30,7
692e9645c609aae267b2774d,ok,226,226,226.0,0,30,7
692ec52f526b2c3ac5f5b58a,ok,140,140,140.0,0,30,7
692fe255400f4662f13d7b08,ok,235,235,235.0,0,30,7
692ea90de2322e3b092b5f07,ok,190,190,190.0,0,30,7
692eb170d3d807884d4dd845,ok,231,231,231.0,0,30,7
692eadbaaec602a46af10688,ok,141,141,141.0,0,30,7
692e7abc526b2c3ac5f5b1cd,ok,215,215,215.0,0,30,7
692fe7c8b03ac7c2657d54b8,ok,183,183,183.0,0,30,7
692ea9eaad0c9ef057d41d8e,ok,316,316,316.0,0,30,7
692ea7ebdbc4294a49cc72a1,ok,201,201,201.0,0,30,7
692eb280a0e165ab2e42e585,ok,69,69,88.0,0,30,7
692eadb33b319da763b71ba6,ok,149,149,149.0,0,30,7
692eb280a0e165ab2e42e582,ok,95,95,95.0,0,30,7
692fe79b34a99e18e252898c,ok,220,220,220.0,0,30,7
692e92517641010d04354503,ok,227,227,227.0,0,30,7
692fe8773c1dfb13a7a99ec9,ok,205,205,205.0,0,30,7
692e7b5839719ab57395b496,ok,202,202,202.0,0,30,7
692e97586974927fef249b9c,ok,193,193,193.0,0,30,7
692ea415d3d807884d4dd717,ok,150,150,150.0,0,30,7
692efcdd4cbe809837380004,ok,189,189,189.0,0,30,7
692e9b80c609aae267b27808,ok,216,216,216.0,0,30,7
692eb652ba0400c7068a004f,ok,151,151,151.0,0,30,7
692e9fd83019385fbbf56737,ok,173,173,173.0,0,30,7
692eb27ea0e165ab2e42e575,ok,178,178,178.0,0,30,7
692f0f34fbcce321dca7508a,ok,209,209,209.0,0,30,7
692eb3fb96d2056439f0199c,ok,233,233,233.0,0,30,7
692ef314b07e0e30ff1132a3,ok,206,206,206.0,0,30,7
692eab0eba0400c70689ff5f,ok,187,187,187.0,0,30,7
692e97596974927fef249ba6,ok,183,183,183.0,0,30,7
692fe8783c1dfb13a7a99ece,ok,183,183,183.0,0,30,7
692eefe10ba268eb16564aa3,ok,207,207,207.0,0,30,7
692eb652ba0400c7068a0050,ok,156,156,156.0,0,30,7
692ea1c468228e362d908fda,ok,231,231,231.0,0,30,7
692eb28d21fc595fbe6f9601,ok,226,226,226.0,0,30,7
692efe43f59fd218b1be01b0,ok,133,133,133.0,0,30,7
692efe45f59fd218b1be01c1,ok,76,76,76.0,0,30,7
692ea44dc621d7f4aac3aae8,ok,184,184,184.0,0,30,7
692fe256400f4662f13d7b0c,ok,229,229,229.0,0,30,7
692efe45f59fd218b1be01c3,ok,75,75,75.0,0,30,7
692fe953d51f8f46f2ad69e2,ok,157,157,157.0,0,30,7
692eb27da0e165ab2e42e566,ok,105,105,105.0,0,30,7
692eadb23b319da763b71b9f,ok,132,132,132.0,0,30,7
692fe5eda48e122f8325d3b4,ok,184,184,184.0,0,30,7
692ea415d3d807884d4dd71d,ok,201,201,201.0,0,30,7
692eb0e9c621d7f4aac3ac24,ok,134,134,134.0,0,30,7
692fe5eea48e122f8325d3bf,ok,202,202,202.0,0,30,7
692fe8da6c1e69a4860825c4,ok,213,213,213.0,0,30,7
692ea49a727c13b350cb7c47,ok,174,174,174.0,0,30,7
692fe79d34a99e18e252899b,ok,211,211,211.0,0,30,7
692fe7ccb03ac7c2657d54d8,ok,164,164,164.0,0,30,7
692fe3ffd35e50f3aed1e3cb,ok,192,192,192.0,0,30,7
692ec530526b2c3ac5f5b590,ok,130,130,130.0,0,30,7
692ea415d3d807884d4dd718,ok,182,182,182.0,0,30,7
692ea68e74b24813e759757c,ok,208,208,208.0,0,30,7
692ea877aec602a46af105da,ok,410,410,410.0,0,30,7
692eab2299488ff84776f9d6,ok,235,235,235.0,0,30,7
692fe8db6c1e69a4860825cb,ok,228,228,228.0,0,30,7
692ea90ee2322e3b092b5f0b,ok,180,180,180.0,0,30,7
692efcde4cbe80983738000f,ok,156,156,156.0,0,30,7
692e7fa94e86f0c01a206ea5,ok,119,119,119.0,0,30,7
692ea126eee2f8cb10d0f732,ok,98,98,98.0,0,30,7
692eb651ba0400c7068a0044,ok,204,204,204.0,0,30,7
692eb78b4e7eab2cafd26a99,ok,205,205,205.0,0,30,7
692eb3fb96d2056439f01998,ok,220,220,220.0,0,30,7
692fe7c8b03ac7c2657d54b7,ok,158,158,158.0,0,30,7
692eab0eba0400c70689ff62,ok,203,203,203.0,0,30,7
692ea90de2322e3b092b5f09,ok,180,180,180.0,0,30,7
692ea90ce2322e3b092b5f00,ok,190,190,190.0,0,30,7
692e991b1e78e176ba6cf77e,ok,179,179,179.0,0,30,7
692eb08897ffd8ec90340283,ok,194,194,194.0,0,30,7
692efcde4cbe80983738000c,ok,142,142,142.0,0,30,7
692eabf6e2322e3b092b5f7a,ok,194,194,194.0,0,30,7
692eb0e8c621d7f4aac3ac17,ok,122,122,122.0,0,30,7
692ea416d3d807884d4dd721,ok,222,222,222.0,0,30,7
692e8e4daec602a46af10309,ok,200,200,200.0,0,30,7
692fe8793c1dfb13a7a99ed7,ok,198,198,198.0,0,30,7
692eb27ea0e165ab2e42e56f,ok,151,151,151.0,0,30,7
692eb0e9c621d7f4aac3ac29,ok,118,118,118.0,0,30,7
692fe255400f4662f13d7b0b,ok,192,192,192.0,0,30,7
692e91b939719ab57395b6bd,ok,207,207,207.0,0,30,7
692e9f2bba0400c70689fdf5,ok,231,231,231.0,0,30,7
692e7fa84e86f0c01a206e9e,ok,140,140,140.0,0,30,7
692ef37efbcce321dca74edb,ok,149,149,149.0,0,30,7
692eab3b5cd6df8b6023ca8b,ok,235,235,235.0,0,30,7
692eb651ba0400c7068a0045,ok,153,153,153.0,0,30,7
6930852199946db9586cf530,ok,204,204,204.0,0,30,7
692efcdd4cbe80983737fffd,ok,153,153,153.0,0,30,7
692eb493f169106feb26b01b,ok,220,220,220.0,0,30,7
692ea4d674b24813e7597543,ok,224,224,224.0,0,30,7
692ec52d526b2c3ac5f5b579,ok,178,178,178.0,0,30,7
692e7b5939719ab57395b49e,ok,272,272,272.0,0,30,7
6930851f99946db9586cf519,ok,229,229,229.0,0,30,7
692eb333ea43f09edf26f6c2,ok,196,196,196.0,0,30,7
692ec52f526b2c3ac5f5b58f,ok,126,126,126.0,0,30,7
692eefe20ba268eb16564aac,ok,228,228,228.0,0,30,7
692e9f2cba0400c70689fdf8,ok,188,188,188.0,0,30,7
692fe87b3c1dfb13a7a99ee9,ok,238,238,238.0,0,30,7
692ec52e526b2c3ac5f5b57f,ok,156,156,156.0,0,30,7
