seed,k_frac,k,condition,n_train_eps,n_train_win,mse_unseen_operator,mse_unseen_scene,n_groups,fit_s
0,0.25,93,random,93,18672,0.10560060292482376,0.11698941886425018,60,0.31809186935424805
0,0.25,93,curated,93,18429,0.10316068679094315,0.1089639663696289,69,0.2887458801269531
0,0.25,93,dpp,93,19350,0.10313110053539276,0.10444231331348419,64,0.44809913635253906
0,0.25,93,kcenter,93,18946,0.10293157398700714,0.10500425845384598,68,0.26673007011413574
0,0.25,93,degenerate,93,15688,0.12158509343862534,0.12223432213068008,13,0.24761319160461426
0,0.25,93,random_nogate,93,17873,0.10425560176372528,0.11976835131645203,-1,0.0
0,0.5,186,random,186,36007,0.10108472406864166,0.1044721007347107,100,0.3843190670013428
0,0.5,186,curated,186,36508,0.0996684655547142,0.10406134277582169,104,0.408768892288208
0,0.5,186,dpp,186,37385,0.10045351088047028,0.10316115617752075,96,0.48985886573791504
0,0.5,186,kcenter,186,37380,0.09945472329854965,0.10457643866539001,104,0.3595750331878662
0,0.5,186,degenerate,186,32256,0.10362385958433151,0.10772997885942459,36,0.32155394554138184
0,0.5,186,random_nogate,186,35402,0.10033734887838364,0.10369637608528137,-1,0.0
0,1.0,373,all_gated,373,71551,0.09825807809829712,0.1012270376086235,125,0.0
1,0.25,79,random,79,15743,0.11716558039188385,0.09501200914382935,59,0.34443187713623047
1,0.25,79,curated,79,15758,0.11389373242855072,0.09583654254674911,54,0.3428821563720703
1,0.25,79,dpp,79,16535,0.11060647666454315,0.09095221012830734,56,0.32668519020080566
1,0.25,79,kcenter,79,16602,0.1132686659693718,0.09118461608886719,57,0.2920801639556885
1,0.25,79,degenerate,79,13684,0.1318594068288803,0.10341624915599823,9,0.2537868022918701
1,0.25,79,random_nogate,79,14859,0.11709033697843552,0.0956784039735794,-1,0.0
1,0.5,158,random,158,30342,0.11008554697036743,0.08714641630649567,83,0.5176918506622314
1,0.5,158,curated,158,31494,0.10951168090105057,0.0872076228260994,82,0.7337801456451416
1,0.5,158,dpp,158,32080,0.10719764232635498,0.0853661373257637,87,0.41245293617248535
1,0.5,158,kcenter,158,31667,0.10865336656570435,0.08642209321260452,90,0.3211860656738281
1,0.5,158,degenerate,158,27420,0.11232192069292068,0.08950702100992203,28,0.31061697006225586
1,0.5,158,random_nogate,158,29394,0.1107601523399353,0.08752043545246124,-1,0.0
1,1.0,316,all_gated,316,60270,0.10756325721740723,0.08460835367441177,105,0.0
2,0.25,78,random,78,16161,0.10836543142795563,0.10592081397771835,55,0.32500410079956055
2,0.25,78,curated,78,16222,0.10676968097686768,0.10467857867479324,58,0.26616978645324707
2,0.25,78,dpp,78,17561,0.10646875947713852,0.1026226133108139,56,0.3867321014404297
2,0.25,78,kcenter,78,16755,0.10424666106700897,0.10351695120334625,59,0.31819820404052734
2,0.25,78,degenerate,78,14388,0.1204942986369133,0.11576147377490997,12,0.2878420352935791
2,0.25,78,random_nogate,78,15819,0.11078689247369766,0.1028832420706749,-1,0.0
2,0.5,156,random,156,30507,0.10319214314222336,0.10014288127422333,85,0.6299688816070557
2,0.5,156,curated,156,32577,0.10017865151166916,0.09797998517751694,88,0.4191470146179199
2,0.5,156,dpp,156,33188,0.1013348251581192,0.09809558093547821,89,0.3933532238006592
2,0.5,156,kcenter,156,32870,0.1010328158736229,0.09876734018325806,94,0.3343019485473633
2,0.5,156,degenerate,156,28649,0.10443360358476639,0.10192170739173889,32,0.2895548343658447
2,0.5,156,random_nogate,156,29483,0.10273342579603195,0.09944603592157364,-1,0.0
2,1.0,312,all_gated,312,62893,0.09872539341449738,0.09622032195329666,115,0.0
3,0.25,68,random,68,13446,0.1192060187458992,0.10021786391735077,44,0.24305510520935059
3,0.25,68,curated,68,13285,0.11454454809427261,0.0959230363368988,46,0.22397208213806152
3,0.25,68,dpp,68,13429,0.11018773168325424,0.09306851774454117,49,0.24707913398742676
3,0.25,68,kcenter,68,13406,0.11023402959108353,0.09267333149909973,50,0.22759699821472168
3,0.25,68,degenerate,68,13177,0.12373200803995132,0.10356740653514862,9,0.2695486545562744
3,0.25,68,random_nogate,68,12861,0.11952996999025345,0.1001315489411354,-1,0.0
3,0.5,137,random,137,26325,0.10750913619995117,0.09262042492628098,73,0.29760098457336426
3,0.5,137,curated,137,26138,0.10493196547031403,0.09037664532661438,78,0.31056904792785645
3,0.5,137,dpp,137,26352,0.10566011071205139,0.08863865584135056,75,0.29595494270324707
3,0.5,137,kcenter,137,26279,0.10606823116540909,0.088795967400074,77,0.34519505500793457
3,0.5,137,degenerate,137,25712,0.10999948531389236,0.092936210334301,27,0.2819349765777588
3,0.5,137,random_nogate,137,25944,0.10874990373849869,0.08938699215650558,-1,0.0
3,1.0,274,all_gated,274,52693,0.1039167270064354,0.08686935156583786,95,0.0
4,0.25,69,random,69,13113,0.12444017827510834,0.10224463045597076,47,0.25758886337280273
4,0.25,69,curated,69,13753,0.11848979443311691,0.09939316660165787,45,0.2604231834411621
4,0.25,69,dpp,69,14823,0.11604224145412445,0.09795592725276947,51,0.25052809715270996
4,0.25,69,kcenter,69,14082,0.1158788874745369,0.09693930298089981,49,0.25038695335388184
4,0.25,69,degenerate,69,12754,0.14667922258377075,0.11595439165830612,7,0.2320539951324463
4,0.25,69,random_nogate,69,12732,0.11598724871873856,0.09838147461414337,-1,0.0
4,0.5,138,random,138,26781,0.10887705534696579,0.09413018077611923,69,0.38213014602661133
4,0.5,138,curated,138,27826,0.10711053758859634,0.09276270866394043,76,0.3520348072052002
4,0.5,138,dpp,138,28186,0.10565149784088135,0.0925561860203743,74,0.37490415573120117
4,0.5,138,kcenter,138,27880,0.10606709867715836,0.09262088686227798,78,0.33080506324768066
4,0.5,138,degenerate,138,23947,0.11192848533391953,0.09703508019447327,24,0.36463403701782227
4,0.5,138,random_nogate,138,26340,0.11092828959226608,0.09389098733663559,-1,0.0
4,1.0,277,all_gated,277,53236,0.10384545475244522,0.09101928025484085,90,0.0
5,0.25,65,random,65,12175,0.11936713010072708,0.10405495762825012,46,0.2369527816772461
5,0.25,65,curated,65,12908,0.11940785497426987,0.10190553963184357,48,0.34194111824035645
5,0.25,65,dpp,65,13562,0.11413855850696564,0.09805572777986526,48,0.276900053024292
5,0.25,65,kcenter,65,12791,0.11585350334644318,0.09900688380002975,48,0.3201892375946045
5,0.25,65,degenerate,65,11049,0.1397518664598465,0.11800934374332428,12,0.2317512035369873
5,0.25,65,random_nogate,65,12367,0.11522869020700455,0.10151376575231552,-1,0.0
5,0.5,130,random,130,24604,0.11153343319892883,0.09490624815225601,68,0.32834911346435547
5,0.5,130,curated,130,25130,0.11032529920339584,0.09517401456832886,77,0.26827216148376465
5,0.5,130,dpp,130,26181,0.1077021062374115,0.09351573884487152,77,0.4506852626800537
5,0.5,130,kcenter,130,25647,0.10821963846683502,0.09381923079490662,78,0.29802584648132324
5,0.5,130,degenerate,130,22283,0.11503102630376816,0.09847217798233032,29,0.27477002143859863
5,0.5,130,random_nogate,130,24267,0.11343646049499512,0.09611640125513077,-1,0.0
5,1.0,260,all_gated,260,50156,0.10650140792131424,0.09191373735666275,90,0.0
6,0.25,80,random,80,15404,0.11890898644924164,0.10324568301439285,60,0.2540171146392822
6,0.25,80,curated,80,16363,0.11784656345844269,0.10088155418634415,54,0.2375469207763672
6,0.25,80,dpp,80,16755,0.11331173777580261,0.09632638096809387,55,0.22052526473999023
6,0.25,80,kcenter,80,16529,0.11415772885084152,0.0969855934381485,60,0.2219541072845459
6,0.25,80,degenerate,80,14271,0.13368068635463715,0.11107295751571655,9,0.2202310562133789
6,0.25,80,random_nogate,80,15216,0.11880750954151154,0.09914814680814743,-1,0.0
6,0.5,160,random,160,30189,0.114045150578022,0.09817725419998169,84,0.29872584342956543
6,0.5,160,curated,160,31901,0.11127238720655441,0.09357238560914993,88,0.4217820167541504
6,0.5,160,dpp,160,32660,0.11017754673957825,0.09367776662111282,85,0.3662528991699219
6,0.5,160,kcenter,160,32320,0.1098104864358902,0.09456481039524078,85,0.3324759006500244
6,0.5,160,degenerate,160,28641,0.11878033727407455,0.0980408638715744,28,0.30005908012390137
6,0.5,160,random_nogate,160,30128,0.11423121392726898,0.09492748975753784,-1,0.0
6,1.0,321,all_gated,321,61392,0.10994559526443481,0.09305207431316376,106,0.0
7,0.25,81,random,81,15054,0.11300814151763916,0.09907574206590652,56,0.20971393585205078
7,0.25,81,curated,81,15630,0.11189083009958267,0.09614433348178864,56,0.26694822311401367
7,0.25,81,dpp,81,15793,0.1070697158575058,0.09576930850744247,57,0.22645115852355957
7,0.25,81,kcenter,81,15868,0.10814026743173599,0.09856796264648438,60,0.2093369960784912
7,0.25,81,degenerate,81,14346,0.14384344220161438,0.11059942841529846,10,0.3050568103790283
7,0.25,81,random_nogate,81,15319,0.11146122962236404,0.09766247123479843,-1,0.0
7,0.5,163,random,163,31366,0.10552942007780075,0.09421443939208984,84,0.41707801818847656
7,0.5,163,curated,163,31018,0.10417444258928299,0.09321003407239914,95,0.3985919952392578
7,0.5,163,dpp,163,31171,0.10293634235858917,0.09225554764270782,88,0.39457082748413086
7,0.5,163,kcenter,163,31423,0.10364709049463272,0.09291616082191467,91,0.4622609615325928
7,0.5,163,degenerate,163,29868,0.11066965013742447,0.09684086591005325,30,0.32265400886535645
7,0.5,163,random_nogate,163,30588,0.10532555729150772,0.09484080225229263,-1,0.0
7,1.0,327,all_gated,327,61960,0.10289675742387772,0.0911828875541687,112,0.0
8,0.25,64,random,64,13207,0.12676455080509186,0.11186597496271133,52,0.2551889419555664
8,0.25,64,curated,64,13361,0.12042857706546783,0.10337389260530472,53,0.3089168071746826
8,0.25,64,dpp,64,14155,0.11814159899950027,0.10137668251991272,48,0.6934030055999756
8,0.25,64,kcenter,64,13578,0.11901383101940155,0.0999026745557785,51,0.36811113357543945
8,0.25,64,degenerate,64,12053,0.1398518830537796,0.1122656762599945,16,0.28494811058044434
8,0.25,64,random_nogate,64,13432,0.127290278673172,0.10548791289329529,-1,0.0
8,0.5,128,random,128,27104,0.11708832532167435,0.09641976654529572,80,0.40137386322021484
8,0.5,128,curated,128,27006,0.10993993282318115,0.09435030817985535,78,0.3600459098815918
8,0.5,128,dpp,128,27765,0.11008665710687637,0.09399183094501495,80,0.4237830638885498
8,0.5,128,kcenter,128,27011,0.11010101437568665,0.09469407796859741,84,1.0027258396148682
8,0.5,128,degenerate,128,23408,0.11829362064599991,0.1006394624710083,32,0.30896687507629395
8,0.5,128,random_nogate,128,26382,0.11425641179084778,0.09594441205263138,-1,0.0
8,1.0,257,all_gated,257,52495,0.10663890093564987,0.09199497848749161,107,0.0
9,0.25,89,random,89,17471,0.09274553507566452,0.10001328587532043,66,0.3080308437347412
9,0.25,89,curated,89,18583,0.09045860916376114,0.09826159477233887,66,0.2238609790802002
9,0.25,89,dpp,89,19433,0.08655764162540436,0.09644300490617752,67,0.2932767868041992
9,0.25,89,kcenter,89,19019,0.08797521144151688,0.0959259495139122,67,0.32993197441101074
9,0.25,89,degenerate,89,14226,0.09935572743415833,0.10367663949728012,15,0.18586087226867676
9,0.25,89,random_nogate,89,17531,0.08965402841567993,0.10249249637126923,-1,0.0
9,0.5,179,random,179,34711,0.08499348163604736,0.09353514760732651,101,0.786851167678833
9,0.5,179,curated,179,36983,0.0857216864824295,0.09247347712516785,102,0.36243677139282227
9,0.5,179,dpp,179,37829,0.08425340056419373,0.09284166246652603,104,0.6887168884277344
9,0.5,179,kcenter,179,37473,0.08484112471342087,0.09254470467567444,100,0.7439250946044922
9,0.5,179,degenerate,179,31155,0.08890955150127411,0.09618959575891495,37,0.511085033416748
9,0.5,179,random_nogate,179,33776,0.08593545109033585,0.09481626003980637,-1,0.0
9,1.0,358,all_gated,358,70319,0.0840185359120369,0.09212320297956467,128,0.0
